ACTUAL,COUNTRY,REGION,DIVISION,PRODTYPE,PRODUCT,QUARTER,YEAR,MONTH,RECORD_TYPE
$284.00 ,CANADA,EAST,CONSUMER,FURNITURE,BED,1,2021,Jan,New
$705.00 ,CANADA,EAST,CONSUMER,FURNITURE,BED,1,2021,Feb,New
$737.00 ,CANADA,EAST,CONSUMER,FURNITURE,BED,1,2021,Mar,New
$745.00 ,CANADA,EAST,CONSUMER,FURNITURE,BED,2,2021,Apr,New
$633.00 ,CANADA,EAST,CONSUMER,FURNITURE,BED,2,2021,May,New
$983.00 ,CANADA,EAST,CONSUMER,FURNITURE,BED,2,2021,Jun,New
$591.00 ,CANADA,EAST,CONSUMER,FURNITURE,BED,3,2021,Jul,New
$42.00 ,CANADA,EAST,CONSUMER,FURNITURE,BED,3,2021,Aug,New
$771.00 ,CANADA,EAST,CONSUMER,FURNITURE,BED,3,2021,Sep,New
$296.00 ,CANADA,EAST,CONSUMER,FURNITURE,BED,4,2021,Nov,New
$890.00 ,CANADA,EAST,CONSUMER,FURNITURE,BED,4,2021,Dec,New
$465.00 ,CANADA,EAST,CONSUMER,FURNITURE,BED,4,2021,Oct,New
$5.00 ,CANADA,EAST,CONSUMER,FURNITURE,SOFA,1,2021,Jan,New
$164.00 ,CANADA,EAST,CONSUMER,FURNITURE,SOFA,1,2021,Feb,New
$422.00 ,CANADA,EAST,CONSUMER,FURNITURE,SOFA,1,2021,Mar,New
$424.00 ,CANADA,EAST,CONSUMER,FURNITURE,SOFA,2,2021,Apr,New
$854.00 ,CANADA,EAST,CONSUMER,FURNITURE,SOFA,2,2021,May,New
$168.00 ,CANADA,EAST,CONSUMER,FURNITURE,SOFA,2,2021,Jun,New
$8.00 ,CANADA,EAST,CONSUMER,FURNITURE,SOFA,3,2021,Jul,New
$748.00 ,CANADA,EAST,CONSUMER,FURNITURE,SOFA,3,2021,Aug,New
$682.00 ,CANADA,EAST,CONSUMER,FURNITURE,SOFA,3,2021,Sep,New
$300.00 ,CANADA,EAST,CONSUMER,FURNITURE,SOFA,4,2021,Oct,New
$672.00 ,CANADA,EAST,CONSUMER,FURNITURE,SOFA,4,2021,Nov,New
$894.00 ,CANADA,EAST,CONSUMER,FURNITURE,SOFA,4,2021,Dec,New
$401.00 ,CANADA,EAST,CONSUMER,OFFICE,CHAIR,1,2021,Jan,New
$181.00 ,CANADA,EAST,CONSUMER,OFFICE,CHAIR,1,2021,Feb,New
$995.00 ,CANADA,EAST,CONSUMER,OFFICE,CHAIR,1,2021,Mar,New
$119.00 ,CANADA,EAST,CONSUMER,OFFICE,CHAIR,2,2021,May,New
$319.00 ,CANADA,EAST,CONSUMER,OFFICE,CHAIR,2,2021,Jun,New
$120.00 ,CANADA,EAST,CONSUMER,OFFICE,CHAIR,2,2021,Apr,New
$333.00 ,CANADA,EAST,CONSUMER,OFFICE,CHAIR,3,2021,Jul,New
$923.00 ,CANADA,EAST,CONSUMER,OFFICE,CHAIR,3,2021,Aug,New
$634.00 ,CANADA,EAST,CONSUMER,OFFICE,CHAIR,3,2021,Sep,New
$304.00 ,CANADA,EAST,CONSUMER,OFFICE,CHAIR,4,2021,Dec,New
$493.00 ,CANADA,EAST,CONSUMER,OFFICE,CHAIR,4,2021,Oct,New
$461.00 ,CANADA,EAST,CONSUMER,OFFICE,CHAIR,4,2021,Nov,New
$511.00 ,CANADA,EAST,CONSUMER,OFFICE,DESK,1,2021,Feb,New
$30.00 ,CANADA,EAST,CONSUMER,OFFICE,DESK,1,2021,Mar,New
$973.00 ,CANADA,EAST,CONSUMER,OFFICE,DESK,1,2021,Jan,New
$895.00 ,CANADA,EAST,CONSUMER,OFFICE,DESK,2,2021,Apr,New
$557.00 ,CANADA,EAST,CONSUMER,OFFICE,DESK,2,2021,May,New
$282.00 ,CANADA,EAST,CONSUMER,OFFICE,DESK,2,2021,Jun,New
$234.00 ,CANADA,EAST,CONSUMER,OFFICE,DESK,3,2021,Sep,New
$909.00 ,CANADA,EAST,CONSUMER,OFFICE,DESK,3,2021,Jul,New
$276.00 ,CANADA,EAST,CONSUMER,OFFICE,DESK,3,2021,Aug,New
$479.00 ,CANADA,EAST,CONSUMER,OFFICE,DESK,4,2021,Oct,New
$782.00 ,CANADA,EAST,CONSUMER,OFFICE,DESK,4,2021,Nov,New
$755.00 ,CANADA,EAST,CONSUMER,OFFICE,DESK,4,2021,Dec,New
$197.00 ,CANADA,EAST,CONSUMER,OFFICE,TABLE,1,2021,Jan,New
$51.00 ,CANADA,EAST,CONSUMER,OFFICE,TABLE,1,2021,Feb,New
$570.00 ,CANADA,EAST,CONSUMER,OFFICE,TABLE,1,2021,Mar,New
$423.00 ,CANADA,EAST,CONSUMER,OFFICE,TABLE,2,2021,Apr,New
$524.00 ,CANADA,EAST,CONSUMER,OFFICE,TABLE,2,2021,May,New
$416.00 ,CANADA,EAST,CONSUMER,OFFICE,TABLE,2,2021,Jun,New
$551.00 ,CANADA,EAST,CONSUMER,OFFICE,TABLE,3,2021,Aug,New
$400.00 ,CANADA,EAST,CONSUMER,OFFICE,TABLE,3,2021,Sep,New
$789.00 ,CANADA,EAST,CONSUMER,OFFICE,TABLE,3,2021,Jul,New
$361.00 ,CANADA,EAST,CONSUMER,OFFICE,TABLE,4,2021,Oct,New
$189.00 ,CANADA,EAST,CONSUMER,OFFICE,TABLE,4,2021,Nov,New
$554.00 ,CANADA,EAST,CONSUMER,OFFICE,TABLE,4,2021,Dec,New
$220.00 ,CANADA,EAST,EDUCATION,FURNITURE,BED,1,2021,Jan,New
$444.00 ,CANADA,EAST,EDUCATION,FURNITURE,BED,1,2021,Feb,New
$178.00 ,CANADA,EAST,EDUCATION,FURNITURE,BED,1,2021,Mar,New
$329.00 ,CANADA,EAST,EDUCATION,FURNITURE,BED,2,2021,May,New
$910.00 ,CANADA,EAST,EDUCATION,FURNITURE,BED,2,2021,Jun,New
$756.00 ,CANADA,EAST,EDUCATION,FURNITURE,BED,2,2021,Apr,New
$530.00 ,CANADA,EAST,EDUCATION,FURNITURE,BED,3,2021,Jul,New
$101.00 ,CANADA,EAST,EDUCATION,FURNITURE,BED,3,2021,Aug,New
$515.00 ,CANADA,EAST,EDUCATION,FURNITURE,BED,3,2021,Sep,New
$954.00 ,CANADA,EAST,EDUCATION,FURNITURE,BED,4,2021,Dec,New
$730.00 ,CANADA,EAST,EDUCATION,FURNITURE,BED,4,2021,Oct,New
$993.00 ,CANADA,EAST,EDUCATION,FURNITURE,BED,4,2021,Nov,New
$925.00 ,CANADA,EAST,EDUCATION,FURNITURE,SOFA,1,2021,Jan,New
$999.00 ,CANADA,EAST,EDUCATION,FURNITURE,SOFA,1,2021,Feb,New
$608.00 ,CANADA,EAST,EDUCATION,FURNITURE,SOFA,1,2021,Mar,New
$642.00 ,CANADA,EAST,EDUCATION,FURNITURE,SOFA,2,2021,Apr,New
$656.00 ,CANADA,EAST,EDUCATION,FURNITURE,SOFA,2,2021,May,New
$948.00 ,CANADA,EAST,EDUCATION,FURNITURE,SOFA,2,2021,Jun,New
$114.00 ,CANADA,EAST,EDUCATION,FURNITURE,SOFA,3,2021,Aug,New
$685.00 ,CANADA,EAST,EDUCATION,FURNITURE,SOFA,3,2021,Sep,New
$612.00 ,CANADA,EAST,EDUCATION,FURNITURE,SOFA,3,2021,Jul,New
$657.00 ,CANADA,EAST,EDUCATION,FURNITURE,SOFA,4,2021,Oct,New
$608.00 ,CANADA,EAST,EDUCATION,FURNITURE,SOFA,4,2021,Nov,New
$353.00 ,CANADA,EAST,EDUCATION,FURNITURE,SOFA,4,2021,Dec,New
$35.00 ,CANADA,EAST,EDUCATION,OFFICE,CHAIR,1,2021,Jan,New
$995.00 ,CANADA,EAST,EDUCATION,OFFICE,CHAIR,1,2021,Feb,New
$670.00 ,CANADA,EAST,EDUCATION,OFFICE,CHAIR,1,2021,Mar,New
$467.00 ,CANADA,EAST,EDUCATION,OFFICE,CHAIR,2,2021,Jun,New
$406.00 ,CANADA,EAST,EDUCATION,OFFICE,CHAIR,2,2021,Apr,New
$825.00 ,CANADA,EAST,EDUCATION,OFFICE,CHAIR,2,2021,May,New
$709.00 ,CANADA,EAST,EDUCATION,OFFICE,CHAIR,3,2021,Jul,New
$522.00 ,CANADA,EAST,EDUCATION,OFFICE,CHAIR,3,2021,Aug,New
$688.00 ,CANADA,EAST,EDUCATION,OFFICE,CHAIR,3,2021,Sep,New
$956.00 ,CANADA,EAST,EDUCATION,OFFICE,CHAIR,4,2021,Oct,New
$129.00 ,CANADA,EAST,EDUCATION,OFFICE,CHAIR,4,2021,Nov,New
$687.00 ,CANADA,EAST,EDUCATION,OFFICE,CHAIR,4,2021,Dec,New
$274.00 ,CANADA,EAST,EDUCATION,OFFICE,DESK,1,2021,Mar,New
$240.00 ,CANADA,EAST,EDUCATION,OFFICE,DESK,1,2021,Jan,New
$605.00 ,CANADA,EAST,EDUCATION,OFFICE,DESK,1,2021,Feb,New
$422.00 ,CANADA,EAST,EDUCATION,OFFICE,DESK,2,2021,Apr,New
$763.00 ,CANADA,EAST,EDUCATION,OFFICE,DESK,2,2021,May,New
$561.00 ,CANADA,EAST,EDUCATION,OFFICE,DESK,2,2021,Jun,New
$339.00 ,CANADA,EAST,EDUCATION,OFFICE,DESK,3,2021,Jul,New
$877.00 ,CANADA,EAST,EDUCATION,OFFICE,DESK,3,2021,Aug,New
$192.00 ,CANADA,EAST,EDUCATION,OFFICE,DESK,3,2021,Sep,New
$604.00 ,CANADA,EAST,EDUCATION,OFFICE,DESK,4,2021,Oct,New
$55.00 ,CANADA,EAST,EDUCATION,OFFICE,DESK,4,2021,Nov,New
$87.00 ,CANADA,EAST,EDUCATION,OFFICE,DESK,4,2021,Dec,New
$544.00 ,CANADA,EAST,EDUCATION,OFFICE,TABLE,1,2021,Feb,New
$954.00 ,CANADA,EAST,EDUCATION,OFFICE,TABLE,1,2021,Mar,New
$688.00 ,CANADA,EAST,EDUCATION,OFFICE,TABLE,1,2021,Jan,New
$445.00 ,CANADA,EAST,EDUCATION,OFFICE,TABLE,2,2021,Apr,New
$829.00 ,CANADA,EAST,EDUCATION,OFFICE,TABLE,2,2021,May,New
$464.00 ,CANADA,EAST,EDUCATION,OFFICE,TABLE,2,2021,Jun,New
$721.00 ,CANADA,EAST,EDUCATION,OFFICE,TABLE,3,2021,Sep,New
$968.00 ,CANADA,EAST,EDUCATION,OFFICE,TABLE,3,2021,Jul,New
$842.00 ,CANADA,EAST,EDUCATION,OFFICE,TABLE,3,2021,Aug,New
$966.00 ,CANADA,EAST,EDUCATION,OFFICE,TABLE,4,2021,Oct,New
$332.00 ,CANADA,EAST,EDUCATION,OFFICE,TABLE,4,2021,Nov,New
$328.00 ,CANADA,EAST,EDUCATION,OFFICE,TABLE,4,2021,Dec,New
$64.00 ,CANADA,WEST,CONSUMER,FURNITURE,BED,1,2021,Feb,New
$207.00 ,CANADA,WEST,CONSUMER,FURNITURE,BED,1,2021,Mar,New
$141.00 ,CANADA,WEST,CONSUMER,FURNITURE,BED,1,2021,Jan,New
$435.00 ,CANADA,WEST,CONSUMER,FURNITURE,BED,2,2021,Apr,New
$96.00 ,CANADA,WEST,CONSUMER,FURNITURE,BED,2,2021,May,New
$252.00 ,CANADA,WEST,CONSUMER,FURNITURE,BED,2,2021,Jun,New
$190.00 ,CANADA,WEST,CONSUMER,FURNITURE,BED,3,2021,Sep,New
$956.00 ,CANADA,WEST,CONSUMER,FURNITURE,BED,3,2021,Jul,New
$633.00 ,CANADA,WEST,CONSUMER,FURNITURE,BED,3,2021,Aug,New
$227.00 ,CANADA,WEST,CONSUMER,FURNITURE,BED,4,2021,Oct,New
$24.00 ,CANADA,WEST,CONSUMER,FURNITURE,BED,4,2021,Nov,New
$420.00 ,CANADA,WEST,CONSUMER,FURNITURE,BED,4,2021,Dec,New
$951.00 ,CANADA,WEST,CONSUMER,FURNITURE,SOFA,1,2021,Jan,New
$394.00 ,CANADA,WEST,CONSUMER,FURNITURE,SOFA,1,2021,Feb,New
$615.00 ,CANADA,WEST,CONSUMER,FURNITURE,SOFA,1,2021,Mar,New
$180.00 ,CANADA,WEST,CONSUMER,FURNITURE,SOFA,2,2021,May,New
$649.00 ,CANADA,WEST,CONSUMER,FURNITURE,SOFA,2,2021,Jun,New
$653.00 ,CANADA,WEST,CONSUMER,FURNITURE,SOFA,2,2021,Apr,New
$921.00 ,CANADA,WEST,CONSUMER,FURNITURE,SOFA,3,2021,Jul,New
$11.00 ,CANADA,WEST,CONSUMER,FURNITURE,SOFA,3,2021,Aug,New
$696.00 ,CANADA,WEST,CONSUMER,FURNITURE,SOFA,3,2021,Sep,New
$320.00 ,CANADA,WEST,CONSUMER,FURNITURE,SOFA,4,2021,Dec,New
$795.00 ,CANADA,WEST,CONSUMER,FURNITURE,SOFA,4,2021,Oct,New
$550.00 ,CANADA,WEST,CONSUMER,FURNITURE,SOFA,4,2021,Nov,New
$21.00 ,CANADA,WEST,CONSUMER,OFFICE,CHAIR,1,2021,Mar,New
$292.00 ,CANADA,WEST,CONSUMER,OFFICE,CHAIR,1,2021,Jan,New
$540.00 ,CANADA,WEST,CONSUMER,OFFICE,CHAIR,1,2021,Feb,New
$100.00 ,CANADA,WEST,CONSUMER,OFFICE,CHAIR,2,2021,Apr,New
$49.00 ,CANADA,WEST,CONSUMER,OFFICE,CHAIR,2,2021,May,New
$353.00 ,CANADA,WEST,CONSUMER,OFFICE,CHAIR,2,2021,Jun,New
$911.00 ,CANADA,WEST,CONSUMER,OFFICE,CHAIR,3,2021,Jul,New
$823.00 ,CANADA,WEST,CONSUMER,OFFICE,CHAIR,3,2021,Aug,New
$278.00 ,CANADA,WEST,CONSUMER,OFFICE,CHAIR,3,2021,Sep,New
$576.00 ,CANADA,WEST,CONSUMER,OFFICE,CHAIR,4,2021,Oct,New
$655.00 ,CANADA,WEST,CONSUMER,OFFICE,CHAIR,4,2021,Nov,New
$763.00 ,CANADA,WEST,CONSUMER,OFFICE,CHAIR,4,2021,Dec,New
$693.00 ,CANADA,WEST,CONSUMER,OFFICE,DESK,1,2021,Jan,New
$903.00 ,CANADA,WEST,CONSUMER,OFFICE,DESK,1,2021,Feb,New
$791.00 ,CANADA,WEST,CONSUMER,OFFICE,DESK,1,2021,Mar,New
$108.00 ,CANADA,WEST,CONSUMER,OFFICE,DESK,2,2021,Apr,New
$845.00 ,CANADA,WEST,CONSUMER,OFFICE,DESK,2,2021,May,New
$452.00 ,CANADA,WEST,CONSUMER,OFFICE,DESK,2,2021,Jun,New
$479.00 ,CANADA,WEST,CONSUMER,OFFICE,DESK,3,2021,Jul,New
$410.00 ,CANADA,WEST,CONSUMER,OFFICE,DESK,3,2021,Aug,New
$379.00 ,CANADA,WEST,CONSUMER,OFFICE,DESK,3,2021,Sep,New
$740.00 ,CANADA,WEST,CONSUMER,OFFICE,DESK,4,2021,Oct,New
$471.00 ,CANADA,WEST,CONSUMER,OFFICE,DESK,4,2021,Nov,New
$325.00 ,CANADA,WEST,CONSUMER,OFFICE,DESK,4,2021,Dec,New
$795.00 ,CANADA,WEST,CONSUMER,OFFICE,TABLE,1,2021,Jan,New
$301.00 ,CANADA,WEST,CONSUMER,OFFICE,TABLE,1,2021,Feb,New
$304.00 ,CANADA,WEST,CONSUMER,OFFICE,TABLE,1,2021,Mar,New
$669.00 ,CANADA,WEST,CONSUMER,OFFICE,TABLE,2,2021,Jun,New
$49.00 ,CANADA,WEST,CONSUMER,OFFICE,TABLE,2,2021,Apr,New
$576.00 ,CANADA,WEST,CONSUMER,OFFICE,TABLE,2,2021,May,New
$325.00 ,CANADA,WEST,CONSUMER,OFFICE,TABLE,3,2021,Jul,New
$272.00 ,CANADA,WEST,CONSUMER,OFFICE,TABLE,3,2021,Aug,New
$80.00 ,CANADA,WEST,CONSUMER,OFFICE,TABLE,3,2021,Sep,New
$46.00 ,CANADA,WEST,CONSUMER,OFFICE,TABLE,4,2021,Oct,New
$223.00 ,CANADA,WEST,CONSUMER,OFFICE,TABLE,4,2021,Nov,New
$774.00 ,CANADA,WEST,CONSUMER,OFFICE,TABLE,4,2021,Dec,New
$778.00 ,CANADA,WEST,EDUCATION,FURNITURE,BED,1,2021,Mar,New
$211.00 ,CANADA,WEST,EDUCATION,FURNITURE,BED,1,2021,Jan,New
$368.00 ,CANADA,WEST,EDUCATION,FURNITURE,BED,1,2021,Feb,New
$808.00 ,CANADA,WEST,EDUCATION,FURNITURE,BED,2,2021,Apr,New
$46.00 ,CANADA,WEST,EDUCATION,FURNITURE,BED,2,2021,May,New
$466.00 ,CANADA,WEST,EDUCATION,FURNITURE,BED,2,2021,Jun,New
$18.00 ,CANADA,WEST,EDUCATION,FURNITURE,BED,3,2021,Jul,New
$87.00 ,CANADA,WEST,EDUCATION,FURNITURE,BED,3,2021,Aug,New
$765.00 ,CANADA,WEST,EDUCATION,FURNITURE,BED,3,2021,Sep,New
$62.00 ,CANADA,WEST,EDUCATION,FURNITURE,BED,4,2021,Oct,New
$13.00 ,CANADA,WEST,EDUCATION,FURNITURE,BED,4,2021,Nov,New
$775.00 ,CANADA,WEST,EDUCATION,FURNITURE,BED,4,2021,Dec,New
$72.00 ,CANADA,WEST,EDUCATION,FURNITURE,SOFA,1,2021,Jan,New
$926.00 ,CANADA,WEST,EDUCATION,FURNITURE,SOFA,1,2021,Feb,New
$850.00 ,CANADA,WEST,EDUCATION,FURNITURE,SOFA,1,2021,Mar,New
$854.00 ,CANADA,WEST,EDUCATION,FURNITURE,SOFA,2,2021,Jun,New
$826.00 ,CANADA,WEST,EDUCATION,FURNITURE,SOFA,2,2021,Apr,New
$651.00 ,CANADA,WEST,EDUCATION,FURNITURE,SOFA,2,2021,May,New
$899.00 ,CANADA,WEST,EDUCATION,FURNITURE,SOFA,3,2021,Jul,New
$309.00 ,CANADA,WEST,EDUCATION,FURNITURE,SOFA,3,2021,Aug,New
$943.00 ,CANADA,WEST,EDUCATION,FURNITURE,SOFA,3,2021,Sep,New
$138.00 ,CANADA,WEST,EDUCATION,FURNITURE,SOFA,4,2021,Oct,New
$99.00 ,CANADA,WEST,EDUCATION,FURNITURE,SOFA,4,2021,Nov,New
$270.00 ,CANADA,WEST,EDUCATION,FURNITURE,SOFA,4,2021,Dec,New
$251.00 ,CANADA,WEST,EDUCATION,OFFICE,CHAIR,1,2021,Jan,New
$607.00 ,CANADA,WEST,EDUCATION,OFFICE,CHAIR,1,2021,Feb,New
$127.00 ,CANADA,WEST,EDUCATION,OFFICE,CHAIR,1,2021,Mar,New
$513.00 ,CANADA,WEST,EDUCATION,OFFICE,CHAIR,2,2021,Apr,New
$146.00 ,CANADA,WEST,EDUCATION,OFFICE,CHAIR,2,2021,May,New
$917.00 ,CANADA,WEST,EDUCATION,OFFICE,CHAIR,2,2021,Jun,New
$776.00 ,CANADA,WEST,EDUCATION,OFFICE,CHAIR,3,2021,Jul,New
$330.00 ,CANADA,WEST,EDUCATION,OFFICE,CHAIR,3,2021,Aug,New
$981.00 ,CANADA,WEST,EDUCATION,OFFICE,CHAIR,3,2021,Sep,New
$612.00 ,CANADA,WEST,EDUCATION,OFFICE,CHAIR,4,2021,Nov,New
$607.00 ,CANADA,WEST,EDUCATION,OFFICE,CHAIR,4,2021,Dec,New
$862.00 ,CANADA,WEST,EDUCATION,OFFICE,CHAIR,4,2021,Oct,New
$586.00 ,CANADA,WEST,EDUCATION,OFFICE,DESK,1,2021,Jan,New
$441.00 ,CANADA,WEST,EDUCATION,OFFICE,DESK,1,2021,Feb,New
$597.00 ,CANADA,WEST,EDUCATION,OFFICE,DESK,1,2021,Mar,New
$717.00 ,CANADA,WEST,EDUCATION,OFFICE,DESK,2,2021,Apr,New
$713.00 ,CANADA,WEST,EDUCATION,OFFICE,DESK,2,2021,May,New
$591.00 ,CANADA,WEST,EDUCATION,OFFICE,DESK,2,2021,Jun,New
$170.00 ,CANADA,WEST,EDUCATION,OFFICE,DESK,3,2021,Aug,New
$684.00 ,CANADA,WEST,EDUCATION,OFFICE,DESK,3,2021,Sep,New
$492.00 ,CANADA,WEST,EDUCATION,OFFICE,DESK,3,2021,Jul,New
$981.00 ,CANADA,WEST,EDUCATION,OFFICE,DESK,4,2021,Oct,New
$966.00 ,CANADA,WEST,EDUCATION,OFFICE,DESK,4,2021,Nov,New
$439.00 ,CANADA,WEST,EDUCATION,OFFICE,DESK,4,2021,Dec,New
$155.00 ,CANADA,WEST,EDUCATION,OFFICE,TABLE,1,2021,Jan,New
$688.00 ,CANADA,WEST,EDUCATION,OFFICE,TABLE,1,2021,Feb,New
$730.00 ,CANADA,WEST,EDUCATION,OFFICE,TABLE,1,2021,Mar,New
$208.00 ,CANADA,WEST,EDUCATION,OFFICE,TABLE,2,2021,Apr,New
$525.00 ,CANADA,WEST,EDUCATION,OFFICE,TABLE,2,2021,May,New
$483.00 ,CANADA,WEST,EDUCATION,OFFICE,TABLE,2,2021,Jun,New
$748.00 ,CANADA,WEST,EDUCATION,OFFICE,TABLE,3,2021,Jul,New
$6.00 ,CANADA,WEST,EDUCATION,OFFICE,TABLE,3,2021,Aug,New
$168.00 ,CANADA,WEST,EDUCATION,OFFICE,TABLE,3,2021,Sep,New
$301.00 ,CANADA,WEST,EDUCATION,OFFICE,TABLE,4,2021,Oct,New
$9.00 ,CANADA,WEST,EDUCATION,OFFICE,TABLE,4,2021,Nov,New
$778.00 ,CANADA,WEST,EDUCATION,OFFICE,TABLE,4,2021,Dec,New
$143.00 ,GERMANY,EAST,CONSUMER,FURNITURE,BED,1,2021,Jan,New
$15.00 ,GERMANY,EAST,CONSUMER,FURNITURE,BED,1,2021,Feb,New
$742.00 ,GERMANY,EAST,CONSUMER,FURNITURE,BED,1,2021,Mar,New
$339.00 ,GERMANY,EAST,CONSUMER,FURNITURE,BED,2,2021,Apr,New
$39.00 ,GERMANY,EAST,CONSUMER,FURNITURE,BED,2,2021,May,New
$465.00 ,GERMANY,EAST,CONSUMER,FURNITURE,BED,2,2021,Jun,New
$889.00 ,GERMANY,EAST,CONSUMER,FURNITURE,BED,3,2021,Jul,New
$856.00 ,GERMANY,EAST,CONSUMER,FURNITURE,BED,3,2021,Aug,New
$358.00 ,GERMANY,EAST,CONSUMER,FURNITURE,BED,3,2021,Sep,New
$452.00 ,GERMANY,EAST,CONSUMER,FURNITURE,BED,4,2021,Oct,New
$387.00 ,GERMANY,EAST,CONSUMER,FURNITURE,BED,4,2021,Nov,New
$824.00 ,GERMANY,EAST,CONSUMER,FURNITURE,BED,4,2021,Dec,New
$808.00 ,GERMANY,EAST,CONSUMER,FURNITURE,SOFA,1,2021,Mar,New
$873.00 ,GERMANY,EAST,CONSUMER,FURNITURE,SOFA,1,2021,Jan,New
$498.00 ,GERMANY,EAST,CONSUMER,FURNITURE,SOFA,1,2021,Feb,New
$742.00 ,GERMANY,EAST,CONSUMER,FURNITURE,SOFA,2,2021,Apr,New
$744.00 ,GERMANY,EAST,CONSUMER,FURNITURE,SOFA,2,2021,May,New
$30.00 ,GERMANY,EAST,CONSUMER,FURNITURE,SOFA,2,2021,Jun,New
$747.00 ,GERMANY,EAST,CONSUMER,FURNITURE,SOFA,3,2021,Jul,New
$672.00 ,GERMANY,EAST,CONSUMER,FURNITURE,SOFA,3,2021,Aug,New
$564.00 ,GERMANY,EAST,CONSUMER,FURNITURE,SOFA,3,2021,Sep,New
$785.00 ,GERMANY,EAST,CONSUMER,FURNITURE,SOFA,4,2021,Oct,New
$825.00 ,GERMANY,EAST,CONSUMER,FURNITURE,SOFA,4,2021,Nov,New
$243.00 ,GERMANY,EAST,CONSUMER,FURNITURE,SOFA,4,2021,Dec,New
$697.00 ,GERMANY,EAST,CONSUMER,OFFICE,CHAIR,1,2021,Jan,New
$215.00 ,GERMANY,EAST,CONSUMER,OFFICE,CHAIR,1,2021,Feb,New
$197.00 ,GERMANY,EAST,CONSUMER,OFFICE,CHAIR,1,2021,Mar,New
$205.00 ,GERMANY,EAST,CONSUMER,OFFICE,CHAIR,2,2021,Apr,New
$256.00 ,GERMANY,EAST,CONSUMER,OFFICE,CHAIR,2,2021,May,New
$377.00 ,GERMANY,EAST,CONSUMER,OFFICE,CHAIR,2,2021,Jun,New
$686.00 ,GERMANY,EAST,CONSUMER,OFFICE,CHAIR,3,2021,Aug,New
$332.00 ,GERMANY,EAST,CONSUMER,OFFICE,CHAIR,3,2021,Sep,New
$577.00 ,GERMANY,EAST,CONSUMER,OFFICE,CHAIR,3,2021,Jul,New
$534.00 ,GERMANY,EAST,CONSUMER,OFFICE,CHAIR,4,2021,Oct,New
$485.00 ,GERMANY,EAST,CONSUMER,OFFICE,CHAIR,4,2021,Nov,New
$594.00 ,GERMANY,EAST,CONSUMER,OFFICE,CHAIR,4,2021,Dec,New
$956.00 ,GERMANY,EAST,CONSUMER,OFFICE,DESK,1,2021,Jan,New
$205.00 ,GERMANY,EAST,CONSUMER,OFFICE,DESK,1,2021,Feb,New
$629.00 ,GERMANY,EAST,CONSUMER,OFFICE,DESK,1,2021,Mar,New
$266.00 ,GERMANY,EAST,CONSUMER,OFFICE,DESK,2,2021,May,New
$872.00 ,GERMANY,EAST,CONSUMER,OFFICE,DESK,2,2021,Jun,New
$277.00 ,GERMANY,EAST,CONSUMER,OFFICE,DESK,2,2021,Apr,New
$435.00 ,GERMANY,EAST,CONSUMER,OFFICE,DESK,3,2021,Jul,New
$988.00 ,GERMANY,EAST,CONSUMER,OFFICE,DESK,3,2021,Aug,New
$953.00 ,GERMANY,EAST,CONSUMER,OFFICE,DESK,3,2021,Sep,New
$389.00 ,GERMANY,EAST,CONSUMER,OFFICE,DESK,4,2021,Dec,New
$556.00 ,GERMANY,EAST,CONSUMER,OFFICE,DESK,4,2021,Oct,New
$211.00 ,GERMANY,EAST,CONSUMER,OFFICE,DESK,4,2021,Nov,New
$166.00 ,GERMANY,EAST,CONSUMER,OFFICE,TABLE,1,2021,Jan,New
$531.00 ,GERMANY,EAST,CONSUMER,OFFICE,TABLE,1,2021,Feb,New
$963.00 ,GERMANY,EAST,CONSUMER,OFFICE,TABLE,1,2021,Mar,New
$994.00 ,GERMANY,EAST,CONSUMER,OFFICE,TABLE,2,2021,Apr,New
$978.00 ,GERMANY,EAST,CONSUMER,OFFICE,TABLE,2,2021,May,New
$72.00 ,GERMANY,EAST,CONSUMER,OFFICE,TABLE,2,2021,Jun,New
$33.00 ,GERMANY,EAST,CONSUMER,OFFICE,TABLE,3,2021,Jul,New
$428.00 ,GERMANY,EAST,CONSUMER,OFFICE,TABLE,3,2021,Aug,New
$413.00 ,GERMANY,EAST,CONSUMER,OFFICE,TABLE,3,2021,Sep,New
$85.00 ,GERMANY,EAST,CONSUMER,OFFICE,TABLE,4,2021,Nov,New
$916.00 ,GERMANY,EAST,CONSUMER,OFFICE,TABLE,4,2021,Dec,New
$737.00 ,GERMANY,EAST,CONSUMER,OFFICE,TABLE,4,2021,Oct,New
$641.00 ,GERMANY,EAST,EDUCATION,FURNITURE,BED,1,2021,Jan,New
$494.00 ,GERMANY,EAST,EDUCATION,FURNITURE,BED,1,2021,Feb,New
$428.00 ,GERMANY,EAST,EDUCATION,FURNITURE,BED,1,2021,Mar,New
$936.00 ,GERMANY,EAST,EDUCATION,FURNITURE,BED,2,2021,Apr,New
$597.00 ,GERMANY,EAST,EDUCATION,FURNITURE,BED,2,2021,May,New
$728.00 ,GERMANY,EAST,EDUCATION,FURNITURE,BED,2,2021,Jun,New
$663.00 ,GERMANY,EAST,EDUCATION,FURNITURE,BED,3,2021,Aug,New
$394.00 ,GERMANY,EAST,EDUCATION,FURNITURE,BED,3,2021,Sep,New
$933.00 ,GERMANY,EAST,EDUCATION,FURNITURE,BED,3,2021,Jul,New
$334.00 ,GERMANY,EAST,EDUCATION,FURNITURE,BED,4,2021,Oct,New
$114.00 ,GERMANY,EAST,EDUCATION,FURNITURE,BED,4,2021,Nov,New
$89.00 ,GERMANY,EAST,EDUCATION,FURNITURE,BED,4,2021,Dec,New
$996.00 ,GERMANY,EAST,EDUCATION,FURNITURE,SOFA,1,2021,Jan,New
$554.00 ,GERMANY,EAST,EDUCATION,FURNITURE,SOFA,1,2021,Feb,New
$540.00 ,GERMANY,EAST,EDUCATION,FURNITURE,SOFA,1,2021,Mar,New
$140.00 ,GERMANY,EAST,EDUCATION,FURNITURE,SOFA,2,2021,Apr,New
$554.00 ,GERMANY,EAST,EDUCATION,FURNITURE,SOFA,2,2021,May,New
$724.00 ,GERMANY,EAST,EDUCATION,FURNITURE,SOFA,2,2021,Jun,New
$693.00 ,GERMANY,EAST,EDUCATION,FURNITURE,SOFA,3,2021,Jul,New
$866.00 ,GERMANY,EAST,EDUCATION,FURNITURE,SOFA,3,2021,Aug,New
$833.00 ,GERMANY,EAST,EDUCATION,FURNITURE,SOFA,3,2021,Sep,New
$753.00 ,GERMANY,EAST,EDUCATION,FURNITURE,SOFA,4,2021,Nov,New
$60.00 ,GERMANY,EAST,EDUCATION,FURNITURE,SOFA,4,2021,Dec,New
$164.00 ,GERMANY,EAST,EDUCATION,FURNITURE,SOFA,4,2021,Oct,New
$430.00 ,GERMANY,EAST,EDUCATION,OFFICE,CHAIR,1,2021,Feb,New
$893.00 ,GERMANY,EAST,EDUCATION,OFFICE,CHAIR,1,2021,Mar,New
$468.00 ,GERMANY,EAST,EDUCATION,OFFICE,CHAIR,1,2021,Jan,New
$519.00 ,GERMANY,EAST,EDUCATION,OFFICE,CHAIR,2,2021,Apr,New
$267.00 ,GERMANY,EAST,EDUCATION,OFFICE,CHAIR,2,2021,May,New
$908.00 ,GERMANY,EAST,EDUCATION,OFFICE,CHAIR,2,2021,Jun,New
$798.00 ,GERMANY,EAST,EDUCATION,OFFICE,CHAIR,3,2021,Sep,New
$176.00 ,GERMANY,EAST,EDUCATION,OFFICE,CHAIR,3,2021,Jul,New
$673.00 ,GERMANY,EAST,EDUCATION,OFFICE,CHAIR,3,2021,Aug,New
$291.00 ,GERMANY,EAST,EDUCATION,OFFICE,CHAIR,4,2021,Oct,New
$583.00 ,GERMANY,EAST,EDUCATION,OFFICE,CHAIR,4,2021,Nov,New
$442.00 ,GERMANY,EAST,EDUCATION,OFFICE,CHAIR,4,2021,Dec,New
$352.00 ,GERMANY,EAST,EDUCATION,OFFICE,DESK,1,2021,Jan,New
$234.00 ,GERMANY,EAST,EDUCATION,OFFICE,DESK,1,2021,Feb,New
$167.00 ,GERMANY,EAST,EDUCATION,OFFICE,DESK,1,2021,Mar,New
$764.00 ,GERMANY,EAST,EDUCATION,OFFICE,DESK,2,2021,Jun,New
$606.00 ,GERMANY,EAST,EDUCATION,OFFICE,DESK,2,2021,Apr,New
$670.00 ,GERMANY,EAST,EDUCATION,OFFICE,DESK,2,2021,May,New
$659.00 ,GERMANY,EAST,EDUCATION,OFFICE,DESK,3,2021,Jul,New
$996.00 ,GERMANY,EAST,EDUCATION,OFFICE,DESK,3,2021,Aug,New
$424.00 ,GERMANY,EAST,EDUCATION,OFFICE,DESK,3,2021,Sep,New
$899.00 ,GERMANY,EAST,EDUCATION,OFFICE,DESK,4,2021,Oct,New
$392.00 ,GERMANY,EAST,EDUCATION,OFFICE,DESK,4,2021,Nov,New
$555.00 ,GERMANY,EAST,EDUCATION,OFFICE,DESK,4,2021,Dec,New
$597.00 ,GERMANY,EAST,EDUCATION,OFFICE,TABLE,1,2021,Jan,New
$185.00 ,GERMANY,EAST,EDUCATION,OFFICE,TABLE,1,2021,Feb,New
$175.00 ,GERMANY,EAST,EDUCATION,OFFICE,TABLE,1,2021,Mar,New
$957.00 ,GERMANY,EAST,EDUCATION,OFFICE,TABLE,2,2021,May,New
$993.00 ,GERMANY,EAST,EDUCATION,OFFICE,TABLE,2,2021,Jun,New
$576.00 ,GERMANY,EAST,EDUCATION,OFFICE,TABLE,2,2021,Apr,New
$500.00 ,GERMANY,EAST,EDUCATION,OFFICE,TABLE,3,2021,Jul,New
$410.00 ,GERMANY,EAST,EDUCATION,OFFICE,TABLE,3,2021,Aug,New
$592.00 ,GERMANY,EAST,EDUCATION,OFFICE,TABLE,3,2021,Sep,New
$273.00 ,GERMANY,EAST,EDUCATION,OFFICE,TABLE,4,2021,Dec,New
$64.00 ,GERMANY,EAST,EDUCATION,OFFICE,TABLE,4,2021,Oct,New
$208.00 ,GERMANY,EAST,EDUCATION,OFFICE,TABLE,4,2021,Nov,New
$494.00 ,GERMANY,WEST,CONSUMER,FURNITURE,BED,1,2021,Jan,New
$771.00 ,GERMANY,WEST,CONSUMER,FURNITURE,BED,1,2021,Feb,New
$49.00 ,GERMANY,WEST,CONSUMER,FURNITURE,BED,1,2021,Mar,New
$878.00 ,GERMANY,WEST,CONSUMER,FURNITURE,BED,2,2021,May,New
$827.00 ,GERMANY,WEST,CONSUMER,FURNITURE,BED,2,2021,Jun,New
$322.00 ,GERMANY,WEST,CONSUMER,FURNITURE,BED,2,2021,Apr,New
$852.00 ,GERMANY,WEST,CONSUMER,FURNITURE,BED,3,2021,Jul,New
$716.00 ,GERMANY,WEST,CONSUMER,FURNITURE,BED,3,2021,Aug,New
$81.00 ,GERMANY,WEST,CONSUMER,FURNITURE,BED,3,2021,Sep,New
$242.00 ,GERMANY,WEST,CONSUMER,FURNITURE,BED,4,2021,Dec,New
$916.00 ,GERMANY,WEST,CONSUMER,FURNITURE,BED,4,2021,Oct,New
$673.00 ,GERMANY,WEST,CONSUMER,FURNITURE,BED,4,2021,Nov,New
$872.00 ,GERMANY,WEST,CONSUMER,FURNITURE,SOFA,1,2021,Jan,New
$748.00 ,GERMANY,WEST,CONSUMER,FURNITURE,SOFA,1,2021,Feb,New
$749.00 ,GERMANY,WEST,CONSUMER,FURNITURE,SOFA,1,2021,Mar,New
$876.00 ,GERMANY,WEST,CONSUMER,FURNITURE,SOFA,2,2021,Apr,New
$860.00 ,GERMANY,WEST,CONSUMER,FURNITURE,SOFA,2,2021,May,New
$900.00 ,GERMANY,WEST,CONSUMER,FURNITURE,SOFA,2,2021,Jun,New
$913.00 ,GERMANY,WEST,CONSUMER,FURNITURE,SOFA,3,2021,Aug,New
$315.00 ,GERMANY,WEST,CONSUMER,FURNITURE,SOFA,3,2021,Sep,New
$705.00 ,GERMANY,WEST,CONSUMER,FURNITURE,SOFA,3,2021,Jul,New
$466.00 ,GERMANY,WEST,CONSUMER,FURNITURE,SOFA,4,2021,Oct,New
$233.00 ,GERMANY,WEST,CONSUMER,FURNITURE,SOFA,4,2021,Nov,New
$906.00 ,GERMANY,WEST,CONSUMER,FURNITURE,SOFA,4,2021,Dec,New
$168.00 ,GERMANY,WEST,CONSUMER,OFFICE,CHAIR,1,2021,Jan,New
$512.00 ,GERMANY,WEST,CONSUMER,OFFICE,CHAIR,1,2021,Feb,New
$291.00 ,GERMANY,WEST,CONSUMER,OFFICE,CHAIR,1,2021,Mar,New
$946.00 ,GERMANY,WEST,CONSUMER,OFFICE,CHAIR,2,2021,Jun,New
$776.00 ,GERMANY,WEST,CONSUMER,OFFICE,CHAIR,2,2021,Apr,New
$271.00 ,GERMANY,WEST,CONSUMER,OFFICE,CHAIR,2,2021,May,New
$195.00 ,GERMANY,WEST,CONSUMER,OFFICE,CHAIR,3,2021,Jul,New
$165.00 ,GERMANY,WEST,CONSUMER,OFFICE,CHAIR,3,2021,Aug,New
$238.00 ,GERMANY,WEST,CONSUMER,OFFICE,CHAIR,3,2021,Sep,New
$409.00 ,GERMANY,WEST,CONSUMER,OFFICE,CHAIR,4,2021,Oct,New
$720.00 ,GERMANY,WEST,CONSUMER,OFFICE,CHAIR,4,2021,Nov,New
$309.00 ,GERMANY,WEST,CONSUMER,OFFICE,CHAIR,4,2021,Dec,New
$184.00 ,GERMANY,WEST,CONSUMER,OFFICE,DESK,1,2021,Mar,New
$636.00 ,GERMANY,WEST,CONSUMER,OFFICE,DESK,1,2021,Jan,New
$52.00 ,GERMANY,WEST,CONSUMER,OFFICE,DESK,1,2021,Feb,New
$739.00 ,GERMANY,WEST,CONSUMER,OFFICE,DESK,2,2021,Apr,New
$841.00 ,GERMANY,WEST,CONSUMER,OFFICE,DESK,2,2021,May,New
$65.00 ,GERMANY,WEST,CONSUMER,OFFICE,DESK,2,2021,Jun,New
$623.00 ,GERMANY,WEST,CONSUMER,OFFICE,DESK,3,2021,Jul,New
$517.00 ,GERMANY,WEST,CONSUMER,OFFICE,DESK,3,2021,Aug,New
$636.00 ,GERMANY,WEST,CONSUMER,OFFICE,DESK,3,2021,Sep,New
$845.00 ,GERMANY,WEST,CONSUMER,OFFICE,DESK,4,2021,Oct,New
$232.00 ,GERMANY,WEST,CONSUMER,OFFICE,DESK,4,2021,Nov,New
$26.00 ,GERMANY,WEST,CONSUMER,OFFICE,DESK,4,2021,Dec,New
$823.00 ,GERMANY,WEST,CONSUMER,OFFICE,TABLE,1,2021,Feb,New
$891.00 ,GERMANY,WEST,CONSUMER,OFFICE,TABLE,1,2021,Mar,New
$505.00 ,GERMANY,WEST,CONSUMER,OFFICE,TABLE,1,2021,Jan,New
$840.00 ,GERMANY,WEST,CONSUMER,OFFICE,TABLE,2,2021,Apr,New
$436.00 ,GERMANY,WEST,CONSUMER,OFFICE,TABLE,2,2021,May,New
$168.00 ,GERMANY,WEST,CONSUMER,OFFICE,TABLE,2,2021,Jun,New
$278.00 ,GERMANY,WEST,CONSUMER,OFFICE,TABLE,3,2021,Sep,New
$177.00 ,GERMANY,WEST,CONSUMER,OFFICE,TABLE,3,2021,Jul,New
$727.00 ,GERMANY,WEST,CONSUMER,OFFICE,TABLE,3,2021,Aug,New
$443.00 ,GERMANY,WEST,CONSUMER,OFFICE,TABLE,4,2021,Oct,New
$905.00 ,GERMANY,WEST,CONSUMER,OFFICE,TABLE,4,2021,Nov,New
$881.00 ,GERMANY,WEST,CONSUMER,OFFICE,TABLE,4,2021,Dec,New
$597.00 ,GERMANY,WEST,EDUCATION,FURNITURE,BED,1,2021,Jan,New
$649.00 ,GERMANY,WEST,EDUCATION,FURNITURE,BED,1,2021,Feb,New
$3.00 ,GERMANY,WEST,EDUCATION,FURNITURE,BED,1,2021,Mar,New
$468.00 ,GERMANY,WEST,EDUCATION,FURNITURE,BED,2,2021,Jun,New
$731.00 ,GERMANY,WEST,EDUCATION,FURNITURE,BED,2,2021,Apr,New
$181.00 ,GERMANY,WEST,EDUCATION,FURNITURE,BED,2,2021,May,New
$891.00 ,GERMANY,WEST,EDUCATION,FURNITURE,BED,3,2021,Jul,New
$226.00 ,GERMANY,WEST,EDUCATION,FURNITURE,BED,3,2021,Aug,New
$28.00 ,GERMANY,WEST,EDUCATION,FURNITURE,BED,3,2021,Sep,New
$609.00 ,GERMANY,WEST,EDUCATION,FURNITURE,BED,4,2021,Oct,New
$224.00 ,GERMANY,WEST,EDUCATION,FURNITURE,BED,4,2021,Nov,New
$230.00 ,GERMANY,WEST,EDUCATION,FURNITURE,BED,4,2021,Dec,New
$593.00 ,GERMANY,WEST,EDUCATION,FURNITURE,SOFA,1,2021,Feb,New
$702.00 ,GERMANY,WEST,EDUCATION,FURNITURE,SOFA,1,2021,Mar,New
$982.00 ,GERMANY,WEST,EDUCATION,FURNITURE,SOFA,1,2021,Jan,New
$528.00 ,GERMANY,WEST,EDUCATION,FURNITURE,SOFA,2,2021,Apr,New
$873.00 ,GERMANY,WEST,EDUCATION,FURNITURE,SOFA,2,2021,May,New
$301.00 ,GERMANY,WEST,EDUCATION,FURNITURE,SOFA,2,2021,Jun,New
$466.00 ,GERMANY,WEST,EDUCATION,FURNITURE,SOFA,3,2021,Sep,New
$769.00 ,GERMANY,WEST,EDUCATION,FURNITURE,SOFA,3,2021,Jul,New
$724.00 ,GERMANY,WEST,EDUCATION,FURNITURE,SOFA,3,2021,Aug,New
$774.00 ,GERMANY,WEST,EDUCATION,FURNITURE,SOFA,4,2021,Oct,New
$111.00 ,GERMANY,WEST,EDUCATION,FURNITURE,SOFA,4,2021,Nov,New
$954.00 ,GERMANY,WEST,EDUCATION,FURNITURE,SOFA,4,2021,Dec,New
$774.00 ,GERMANY,WEST,EDUCATION,OFFICE,CHAIR,1,2021,Jan,New
$645.00 ,GERMANY,WEST,EDUCATION,OFFICE,CHAIR,1,2021,Feb,New
$986.00 ,GERMANY,WEST,EDUCATION,OFFICE,CHAIR,1,2021,Mar,New
$296.00 ,GERMANY,WEST,EDUCATION,OFFICE,CHAIR,2,2021,Apr,New
$936.00 ,GERMANY,WEST,EDUCATION,OFFICE,CHAIR,2,2021,May,New
$341.00 ,GERMANY,WEST,EDUCATION,OFFICE,CHAIR,2,2021,Jun,New
$32.00 ,GERMANY,WEST,EDUCATION,OFFICE,CHAIR,3,2021,Jul,New
$277.00 ,GERMANY,WEST,EDUCATION,OFFICE,CHAIR,3,2021,Aug,New
$548.00 ,GERMANY,WEST,EDUCATION,OFFICE,CHAIR,3,2021,Sep,New
$727.00 ,GERMANY,WEST,EDUCATION,OFFICE,CHAIR,4,2021,Oct,New
$812.00 ,GERMANY,WEST,EDUCATION,OFFICE,CHAIR,4,2021,Nov,New
$168.00 ,GERMANY,WEST,EDUCATION,OFFICE,CHAIR,4,2021,Dec,New
$100.00 ,GERMANY,WEST,EDUCATION,OFFICE,DESK,1,2021,Jan,New
$465.00 ,GERMANY,WEST,EDUCATION,OFFICE,DESK,1,2021,Feb,New
$350.00 ,GERMANY,WEST,EDUCATION,OFFICE,DESK,1,2021,Mar,New
$991.00 ,GERMANY,WEST,EDUCATION,OFFICE,DESK,2,2021,Apr,New
$910.00 ,GERMANY,WEST,EDUCATION,OFFICE,DESK,2,2021,May,New
$206.00 ,GERMANY,WEST,EDUCATION,OFFICE,DESK,2,2021,Jun,New
$263.00 ,GERMANY,WEST,EDUCATION,OFFICE,DESK,3,2021,Jul,New
$374.00 ,GERMANY,WEST,EDUCATION,OFFICE,DESK,3,2021,Aug,New
$875.00 ,GERMANY,WEST,EDUCATION,OFFICE,DESK,3,2021,Sep,New
$398.00 ,GERMANY,WEST,EDUCATION,OFFICE,DESK,4,2021,Nov,New
$565.00 ,GERMANY,WEST,EDUCATION,OFFICE,DESK,4,2021,Dec,New
$810.00 ,GERMANY,WEST,EDUCATION,OFFICE,DESK,4,2021,Oct,New
$25.00 ,GERMANY,WEST,EDUCATION,OFFICE,TABLE,1,2021,Mar,New
$222.00 ,GERMANY,WEST,EDUCATION,OFFICE,TABLE,1,2021,Jan,New
$678.00 ,GERMANY,WEST,EDUCATION,OFFICE,TABLE,1,2021,Feb,New
$57.00 ,GERMANY,WEST,EDUCATION,OFFICE,TABLE,2,2021,Apr,New
$981.00 ,GERMANY,WEST,EDUCATION,OFFICE,TABLE,2,2021,May,New
$740.00 ,GERMANY,WEST,EDUCATION,OFFICE,TABLE,2,2021,Jun,New
$408.00 ,GERMANY,WEST,EDUCATION,OFFICE,TABLE,3,2021,Jul,New
$966.00 ,GERMANY,WEST,EDUCATION,OFFICE,TABLE,3,2021,Aug,New
$107.00 ,GERMANY,WEST,EDUCATION,OFFICE,TABLE,3,2021,Sep,New
$488.00 ,GERMANY,WEST,EDUCATION,OFFICE,TABLE,4,2021,Oct,New
$759.00 ,GERMANY,WEST,EDUCATION,OFFICE,TABLE,4,2021,Nov,New
$504.00 ,GERMANY,WEST,EDUCATION,OFFICE,TABLE,4,2021,Dec,New
$120.00 ,U.S.A.,EAST,CONSUMER,FURNITURE,BED,1,2021,Mar,New
$622.00 ,U.S.A.,EAST,CONSUMER,FURNITURE,BED,1,2021,Jan,New
$689.00 ,U.S.A.,EAST,CONSUMER,FURNITURE,BED,1,2021,Feb,New
$374.00 ,U.S.A.,EAST,CONSUMER,FURNITURE,BED,2,2021,Apr,New
$926.00 ,U.S.A.,EAST,CONSUMER,FURNITURE,BED,2,2021,May,New
$687.00 ,U.S.A.,EAST,CONSUMER,FURNITURE,BED,2,2021,Jun,New
$600.00 ,U.S.A.,EAST,CONSUMER,FURNITURE,BED,3,2021,Jul,New
$779.00 ,U.S.A.,EAST,CONSUMER,FURNITURE,BED,3,2021,Aug,New
$223.00 ,U.S.A.,EAST,CONSUMER,FURNITURE,BED,3,2021,Sep,New
$628.00 ,U.S.A.,EAST,CONSUMER,FURNITURE,BED,4,2021,Oct,New
$326.00 ,U.S.A.,EAST,CONSUMER,FURNITURE,BED,4,2021,Nov,New
$836.00 ,U.S.A.,EAST,CONSUMER,FURNITURE,BED,4,2021,Dec,New
$521.00 ,U.S.A.,EAST,CONSUMER,FURNITURE,SOFA,1,2021,Jan,New
$751.00 ,U.S.A.,EAST,CONSUMER,FURNITURE,SOFA,1,2021,Feb,New
$45.00 ,U.S.A.,EAST,CONSUMER,FURNITURE,SOFA,1,2021,Mar,New
$728.00 ,U.S.A.,EAST,CONSUMER,FURNITURE,SOFA,2,2021,Jun,New
$144.00 ,U.S.A.,EAST,CONSUMER,FURNITURE,SOFA,2,2021,Apr,New
$119.00 ,U.S.A.,EAST,CONSUMER,FURNITURE,SOFA,2,2021,May,New
$120.00 ,U.S.A.,EAST,CONSUMER,FURNITURE,SOFA,3,2021,Jul,New
$657.00 ,U.S.A.,EAST,CONSUMER,FURNITURE,SOFA,3,2021,Aug,New
$409.00 ,U.S.A.,EAST,CONSUMER,FURNITURE,SOFA,3,2021,Sep,New
$881.00 ,U.S.A.,EAST,CONSUMER,FURNITURE,SOFA,4,2021,Oct,New
$113.00 ,U.S.A.,EAST,CONSUMER,FURNITURE,SOFA,4,2021,Nov,New
$831.00 ,U.S.A.,EAST,CONSUMER,FURNITURE,SOFA,4,2021,Dec,New
$816.00 ,U.S.A.,EAST,CONSUMER,OFFICE,CHAIR,1,2021,Jan,New
$437.00 ,U.S.A.,EAST,CONSUMER,OFFICE,CHAIR,1,2021,Feb,New
$715.00 ,U.S.A.,EAST,CONSUMER,OFFICE,CHAIR,1,2021,Mar,New
$780.00 ,U.S.A.,EAST,CONSUMER,OFFICE,CHAIR,2,2021,Apr,New
$245.00 ,U.S.A.,EAST,CONSUMER,OFFICE,CHAIR,2,2021,May,New
$201.00 ,U.S.A.,EAST,CONSUMER,OFFICE,CHAIR,2,2021,Jun,New
$815.00 ,U.S.A.,EAST,CONSUMER,OFFICE,CHAIR,3,2021,Jul,New
$865.00 ,U.S.A.,EAST,CONSUMER,OFFICE,CHAIR,3,2021,Aug,New
$634.00 ,U.S.A.,EAST,CONSUMER,OFFICE,CHAIR,3,2021,Sep,New
$789.00 ,U.S.A.,EAST,CONSUMER,OFFICE,CHAIR,4,2021,Nov,New
$882.00 ,U.S.A.,EAST,CONSUMER,OFFICE,CHAIR,4,2021,Dec,New
$901.00 ,U.S.A.,EAST,CONSUMER,OFFICE,CHAIR,4,2021,Oct,New
$384.00 ,U.S.A.,EAST,CONSUMER,OFFICE,DESK,1,2021,Jan,New
$161.00 ,U.S.A.,EAST,CONSUMER,OFFICE,DESK,1,2021,Feb,New
$977.00 ,U.S.A.,EAST,CONSUMER,OFFICE,DESK,1,2021,Mar,New
$615.00 ,U.S.A.,EAST,CONSUMER,OFFICE,DESK,2,2021,Apr,New
$783.00 ,U.S.A.,EAST,CONSUMER,OFFICE,DESK,2,2021,May,New
$977.00 ,U.S.A.,EAST,CONSUMER,OFFICE,DESK,2,2021,Jun,New
$298.00 ,U.S.A.,EAST,CONSUMER,OFFICE,DESK,3,2021,Aug,New
$104.00 ,U.S.A.,EAST,CONSUMER,OFFICE,DESK,3,2021,Sep,New
$375.00 ,U.S.A.,EAST,CONSUMER,OFFICE,DESK,3,2021,Jul,New
$713.00 ,U.S.A.,EAST,CONSUMER,OFFICE,DESK,4,2021,Oct,New
$556.00 ,U.S.A.,EAST,CONSUMER,OFFICE,DESK,4,2021,Nov,New
$323.00 ,U.S.A.,EAST,CONSUMER,OFFICE,DESK,4,2021,Dec,New
$805.00 ,U.S.A.,EAST,CONSUMER,OFFICE,TABLE,1,2021,Jan,New
$860.00 ,U.S.A.,EAST,CONSUMER,OFFICE,TABLE,1,2021,Feb,New
$104.00 ,U.S.A.,EAST,CONSUMER,OFFICE,TABLE,1,2021,Mar,New
$434.00 ,U.S.A.,EAST,CONSUMER,OFFICE,TABLE,2,2021,Apr,New
$912.00 ,U.S.A.,EAST,CONSUMER,OFFICE,TABLE,2,2021,May,New
$571.00 ,U.S.A.,EAST,CONSUMER,OFFICE,TABLE,2,2021,Jun,New
$267.00 ,U.S.A.,EAST,CONSUMER,OFFICE,TABLE,3,2021,Jul,New
$415.00 ,U.S.A.,EAST,CONSUMER,OFFICE,TABLE,3,2021,Aug,New
$261.00 ,U.S.A.,EAST,CONSUMER,OFFICE,TABLE,3,2021,Sep,New
$746.00 ,U.S.A.,EAST,CONSUMER,OFFICE,TABLE,4,2021,Oct,New
$30.00 ,U.S.A.,EAST,CONSUMER,OFFICE,TABLE,4,2021,Nov,New
$662.00 ,U.S.A.,EAST,CONSUMER,OFFICE,TABLE,4,2021,Dec,New
$129.00 ,U.S.A.,EAST,EDUCATION,FURNITURE,BED,1,2021,Jan,New
$187.00 ,U.S.A.,EAST,EDUCATION,FURNITURE,BED,1,2021,Feb,New
$670.00 ,U.S.A.,EAST,EDUCATION,FURNITURE,BED,1,2021,Mar,New
$678.00 ,U.S.A.,EAST,EDUCATION,FURNITURE,BED,2,2021,Apr,New
$423.00 ,U.S.A.,EAST,EDUCATION,FURNITURE,BED,2,2021,May,New
$389.00 ,U.S.A.,EAST,EDUCATION,FURNITURE,BED,2,2021,Jun,New
$257.00 ,U.S.A.,EAST,EDUCATION,FURNITURE,BED,3,2021,Jul,New
$780.00 ,U.S.A.,EAST,EDUCATION,FURNITURE,BED,3,2021,Aug,New
$159.00 ,U.S.A.,EAST,EDUCATION,FURNITURE,BED,3,2021,Sep,New
$479.00 ,U.S.A.,EAST,EDUCATION,FURNITURE,BED,4,2021,Nov,New
$9.00 ,U.S.A.,EAST,EDUCATION,FURNITURE,BED,4,2021,Dec,New
$97.00 ,U.S.A.,EAST,EDUCATION,FURNITURE,BED,4,2021,Oct,New
$4.00 ,U.S.A.,EAST,EDUCATION,FURNITURE,SOFA,1,2021,Jan,New
$813.00 ,U.S.A.,EAST,EDUCATION,FURNITURE,SOFA,1,2021,Feb,New
$773.00 ,U.S.A.,EAST,EDUCATION,FURNITURE,SOFA,1,2021,Mar,New
$205.00 ,U.S.A.,EAST,EDUCATION,FURNITURE,SOFA,2,2021,Apr,New
$657.00 ,U.S.A.,EAST,EDUCATION,FURNITURE,SOFA,2,2021,May,New
$154.00 ,U.S.A.,EAST,EDUCATION,FURNITURE,SOFA,2,2021,Jun,New
$747.00 ,U.S.A.,EAST,EDUCATION,FURNITURE,SOFA,3,2021,Jul,New
$787.00 ,U.S.A.,EAST,EDUCATION,FURNITURE,SOFA,3,2021,Aug,New
$867.00 ,U.S.A.,EAST,EDUCATION,FURNITURE,SOFA,3,2021,Sep,New
$307.00 ,U.S.A.,EAST,EDUCATION,FURNITURE,SOFA,4,2021,Oct,New
$571.00 ,U.S.A.,EAST,EDUCATION,FURNITURE,SOFA,4,2021,Nov,New
$92.00 ,U.S.A.,EAST,EDUCATION,FURNITURE,SOFA,4,2021,Dec,New
$229.00 ,U.S.A.,EAST,EDUCATION,OFFICE,CHAIR,1,2021,Jan,New
$786.00 ,U.S.A.,EAST,EDUCATION,OFFICE,CHAIR,1,2021,Feb,New
$92.00 ,U.S.A.,EAST,EDUCATION,OFFICE,CHAIR,1,2021,Mar,New
$409.00 ,U.S.A.,EAST,EDUCATION,OFFICE,CHAIR,2,2021,May,New
$166.00 ,U.S.A.,EAST,EDUCATION,OFFICE,CHAIR,2,2021,Jun,New
$455.00 ,U.S.A.,EAST,EDUCATION,OFFICE,CHAIR,2,2021,Apr,New
$277.00 ,U.S.A.,EAST,EDUCATION,OFFICE,CHAIR,3,2021,Jul,New
$92.00 ,U.S.A.,EAST,EDUCATION,OFFICE,CHAIR,3,2021,Aug,New
$631.00 ,U.S.A.,EAST,EDUCATION,OFFICE,CHAIR,3,2021,Sep,New
$964.00 ,U.S.A.,EAST,EDUCATION,OFFICE,CHAIR,4,2021,Dec,New
$390.00 ,U.S.A.,EAST,EDUCATION,OFFICE,CHAIR,4,2021,Oct,New
$403.00 ,U.S.A.,EAST,EDUCATION,OFFICE,CHAIR,4,2021,Nov,New
$892.00 ,U.S.A.,EAST,EDUCATION,OFFICE,DESK,1,2021,Feb,New
$728.00 ,U.S.A.,EAST,EDUCATION,OFFICE,DESK,1,2021,Mar,New
$794.00 ,U.S.A.,EAST,EDUCATION,OFFICE,DESK,1,2021,Jan,New
$744.00 ,U.S.A.,EAST,EDUCATION,OFFICE,DESK,2,2021,Apr,New
$678.00 ,U.S.A.,EAST,EDUCATION,OFFICE,DESK,2,2021,May,New
$768.00 ,U.S.A.,EAST,EDUCATION,OFFICE,DESK,2,2021,Jun,New
$968.00 ,U.S.A.,EAST,EDUCATION,OFFICE,DESK,3,2021,Sep,New
$234.00 ,U.S.A.,EAST,EDUCATION,OFFICE,DESK,3,2021,Jul,New
$333.00 ,U.S.A.,EAST,EDUCATION,OFFICE,DESK,3,2021,Aug,New
$119.00 ,U.S.A.,EAST,EDUCATION,OFFICE,DESK,4,2021,Oct,New
$469.00 ,U.S.A.,EAST,EDUCATION,OFFICE,DESK,4,2021,Nov,New
$261.00 ,U.S.A.,EAST,EDUCATION,OFFICE,DESK,4,2021,Dec,New
$956.00 ,U.S.A.,EAST,EDUCATION,OFFICE,TABLE,1,2021,Jan,New
$276.00 ,U.S.A.,EAST,EDUCATION,OFFICE,TABLE,1,2021,Feb,New
$889.00 ,U.S.A.,EAST,EDUCATION,OFFICE,TABLE,1,2021,Mar,New
$708.00 ,U.S.A.,EAST,EDUCATION,OFFICE,TABLE,2,2021,Apr,New
$14.00 ,U.S.A.,EAST,EDUCATION,OFFICE,TABLE,2,2021,May,New
$904.00 ,U.S.A.,EAST,EDUCATION,OFFICE,TABLE,2,2021,Jun,New
$257.00 ,U.S.A.,EAST,EDUCATION,OFFICE,TABLE,3,2021,Aug,New
$343.00 ,U.S.A.,EAST,EDUCATION,OFFICE,TABLE,3,2021,Sep,New
$272.00 ,U.S.A.,EAST,EDUCATION,OFFICE,TABLE,3,2021,Jul,New
$80.00 ,U.S.A.,EAST,EDUCATION,OFFICE,TABLE,4,2021,Oct,New
$530.00 ,U.S.A.,EAST,EDUCATION,OFFICE,TABLE,4,2021,Nov,New
$340.00 ,U.S.A.,EAST,EDUCATION,OFFICE,TABLE,4,2021,Dec,New
$585.00 ,U.S.A.,WEST,CONSUMER,FURNITURE,BED,1,2021,Jan,New
$127.00 ,U.S.A.,WEST,CONSUMER,FURNITURE,BED,1,2021,Feb,New
$669.00 ,U.S.A.,WEST,CONSUMER,FURNITURE,BED,1,2021,Mar,New
$708.00 ,U.S.A.,WEST,CONSUMER,FURNITURE,BED,2,2021,Apr,New
$830.00 ,U.S.A.,WEST,CONSUMER,FURNITURE,BED,2,2021,May,New
$550.00 ,U.S.A.,WEST,CONSUMER,FURNITURE,BED,2,2021,Jun,New
$468.00 ,U.S.A.,WEST,CONSUMER,FURNITURE,BED,3,2021,Aug,New
$151.00 ,U.S.A.,WEST,CONSUMER,FURNITURE,BED,3,2021,Sep,New
$762.00 ,U.S.A.,WEST,CONSUMER,FURNITURE,BED,3,2021,Jul,New
$103.00 ,U.S.A.,WEST,CONSUMER,FURNITURE,BED,4,2021,Oct,New
$876.00 ,U.S.A.,WEST,CONSUMER,FURNITURE,BED,4,2021,Nov,New
$881.00 ,U.S.A.,WEST,CONSUMER,FURNITURE,BED,4,2021,Dec,New
$197.00 ,U.S.A.,WEST,CONSUMER,FURNITURE,SOFA,1,2021,Jan,New
$828.00 ,U.S.A.,WEST,CONSUMER,FURNITURE,SOFA,1,2021,Feb,New
$461.00 ,U.S.A.,WEST,CONSUMER,FURNITURE,SOFA,1,2021,Mar,New
$35.00 ,U.S.A.,WEST,CONSUMER,FURNITURE,SOFA,2,2021,Apr,New
$88.00 ,U.S.A.,WEST,CONSUMER,FURNITURE,SOFA,2,2021,May,New
$832.00 ,U.S.A.,WEST,CONSUMER,FURNITURE,SOFA,2,2021,Jun,New
$900.00 ,U.S.A.,WEST,CONSUMER,FURNITURE,SOFA,3,2021,Jul,New
$368.00 ,U.S.A.,WEST,CONSUMER,FURNITURE,SOFA,3,2021,Aug,New
$201.00 ,U.S.A.,WEST,CONSUMER,FURNITURE,SOFA,3,2021,Sep,New
$504.00 ,U.S.A.,WEST,CONSUMER,FURNITURE,SOFA,4,2021,Nov,New
$864.00 ,U.S.A.,WEST,CONSUMER,FURNITURE,SOFA,4,2021,Dec,New
$758.00 ,U.S.A.,WEST,CONSUMER,FURNITURE,SOFA,4,2021,Oct,New
$175.00 ,U.S.A.,WEST,CONSUMER,OFFICE,CHAIR,1,2021,Feb,New
$208.00 ,U.S.A.,WEST,CONSUMER,OFFICE,CHAIR,1,2021,Mar,New
$792.00 ,U.S.A.,WEST,CONSUMER,OFFICE,CHAIR,1,2021,Jan,New
$354.00 ,U.S.A.,WEST,CONSUMER,OFFICE,CHAIR,2,2021,Apr,New
$163.00 ,U.S.A.,WEST,CONSUMER,OFFICE,CHAIR,2,2021,May,New
$336.00 ,U.S.A.,WEST,CONSUMER,OFFICE,CHAIR,2,2021,Jun,New
$326.00 ,U.S.A.,WEST,CONSUMER,OFFICE,CHAIR,3,2021,Sep,New
$804.00 ,U.S.A.,WEST,CONSUMER,OFFICE,CHAIR,3,2021,Jul,New
$863.00 ,U.S.A.,WEST,CONSUMER,OFFICE,CHAIR,3,2021,Aug,New
$568.00 ,U.S.A.,WEST,CONSUMER,OFFICE,CHAIR,4,2021,Oct,New
$691.00 ,U.S.A.,WEST,CONSUMER,OFFICE,CHAIR,4,2021,Nov,New
$152.00 ,U.S.A.,WEST,CONSUMER,OFFICE,CHAIR,4,2021,Dec,New
$793.00 ,U.S.A.,WEST,CONSUMER,OFFICE,DESK,1,2021,Jan,New
$129.00 ,U.S.A.,WEST,CONSUMER,OFFICE,DESK,1,2021,Feb,New
$481.00 ,U.S.A.,WEST,CONSUMER,OFFICE,DESK,1,2021,Mar,New
$668.00 ,U.S.A.,WEST,CONSUMER,OFFICE,DESK,2,2021,Jun,New
$406.00 ,U.S.A.,WEST,CONSUMER,OFFICE,DESK,2,2021,Apr,New
$512.00 ,U.S.A.,WEST,CONSUMER,OFFICE,DESK,2,2021,May,New
$551.00 ,U.S.A.,WEST,CONSUMER,OFFICE,DESK,3,2021,Jul,New
$124.00 ,U.S.A.,WEST,CONSUMER,OFFICE,DESK,3,2021,Aug,New
$655.00 ,U.S.A.,WEST,CONSUMER,OFFICE,DESK,3,2021,Sep,New
$523.00 ,U.S.A.,WEST,CONSUMER,OFFICE,DESK,4,2021,Oct,New
$739.00 ,U.S.A.,WEST,CONSUMER,OFFICE,DESK,4,2021,Nov,New
$87.00 ,U.S.A.,WEST,CONSUMER,OFFICE,DESK,4,2021,Dec,New
$755.00 ,U.S.A.,WEST,CONSUMER,OFFICE,TABLE,1,2021,Jan,New
$331.00 ,U.S.A.,WEST,CONSUMER,OFFICE,TABLE,1,2021,Feb,New
$482.00 ,U.S.A.,WEST,CONSUMER,OFFICE,TABLE,1,2021,Mar,New
$750.00 ,U.S.A.,WEST,CONSUMER,OFFICE,TABLE,2,2021,May,New
$618.00 ,U.S.A.,WEST,CONSUMER,OFFICE,TABLE,2,2021,Jun,New
$632.00 ,U.S.A.,WEST,CONSUMER,OFFICE,TABLE,2,2021,Apr,New
$935.00 ,U.S.A.,WEST,CONSUMER,OFFICE,TABLE,3,2021,Jul,New
$716.00 ,U.S.A.,WEST,CONSUMER,OFFICE,TABLE,3,2021,Aug,New
$205.00 ,U.S.A.,WEST,CONSUMER,OFFICE,TABLE,3,2021,Sep,New
$552.00 ,U.S.A.,WEST,CONSUMER,OFFICE,TABLE,4,2021,Dec,New
$215.00 ,U.S.A.,WEST,CONSUMER,OFFICE,TABLE,4,2021,Oct,New
$871.00 ,U.S.A.,WEST,CONSUMER,OFFICE,TABLE,4,2021,Nov,New
$512.00 ,U.S.A.,WEST,EDUCATION,FURNITURE,BED,1,2021,Feb,New
$337.00 ,U.S.A.,WEST,EDUCATION,FURNITURE,BED,1,2021,Mar,New
$18.00 ,U.S.A.,WEST,EDUCATION,FURNITURE,BED,1,2021,Jan,New
$167.00 ,U.S.A.,WEST,EDUCATION,FURNITURE,BED,2,2021,Apr,New
$749.00 ,U.S.A.,WEST,EDUCATION,FURNITURE,BED,2,2021,May,New
$890.00 ,U.S.A.,WEST,EDUCATION,FURNITURE,BED,2,2021,Jun,New
$403.00 ,U.S.A.,WEST,EDUCATION,FURNITURE,BED,3,2021,Sep,New
$910.00 ,U.S.A.,WEST,EDUCATION,FURNITURE,BED,3,2021,Jul,New
$403.00 ,U.S.A.,WEST,EDUCATION,FURNITURE,BED,3,2021,Aug,New
$661.00 ,U.S.A.,WEST,EDUCATION,FURNITURE,BED,4,2021,Oct,New
$485.00 ,U.S.A.,WEST,EDUCATION,FURNITURE,BED,4,2021,Nov,New
$789.00 ,U.S.A.,WEST,EDUCATION,FURNITURE,BED,4,2021,Dec,New
$404.00 ,U.S.A.,WEST,EDUCATION,FURNITURE,SOFA,1,2021,Jan,New
$22.00 ,U.S.A.,WEST,EDUCATION,FURNITURE,SOFA,1,2021,Feb,New
$744.00 ,U.S.A.,WEST,EDUCATION,FURNITURE,SOFA,1,2021,Mar,New
$101.00 ,U.S.A.,WEST,EDUCATION,FURNITURE,SOFA,2,2021,May,New
$293.00 ,U.S.A.,WEST,EDUCATION,FURNITURE,SOFA,2,2021,Jun,New
$804.00 ,U.S.A.,WEST,EDUCATION,FURNITURE,SOFA,2,2021,Apr,New
$266.00 ,U.S.A.,WEST,EDUCATION,FURNITURE,SOFA,3,2021,Jul,New
$372.00 ,U.S.A.,WEST,EDUCATION,FURNITURE,SOFA,3,2021,Aug,New
$38.00 ,U.S.A.,WEST,EDUCATION,FURNITURE,SOFA,3,2021,Sep,New
$961.00 ,U.S.A.,WEST,EDUCATION,FURNITURE,SOFA,4,2021,Dec,New
$385.00 ,U.S.A.,WEST,EDUCATION,FURNITURE,SOFA,4,2021,Oct,New
$262.00 ,U.S.A.,WEST,EDUCATION,FURNITURE,SOFA,4,2021,Nov,New
$425.00 ,U.S.A.,WEST,EDUCATION,OFFICE,CHAIR,1,2021,Mar,New
$251.00 ,U.S.A.,WEST,EDUCATION,OFFICE,CHAIR,1,2021,Jan,New
$783.00 ,U.S.A.,WEST,EDUCATION,OFFICE,CHAIR,1,2021,Feb,New
$859.00 ,U.S.A.,WEST,EDUCATION,OFFICE,CHAIR,2,2021,Apr,New
$314.00 ,U.S.A.,WEST,EDUCATION,OFFICE,CHAIR,2,2021,May,New
$153.00 ,U.S.A.,WEST,EDUCATION,OFFICE,CHAIR,2,2021,Jun,New
$955.00 ,U.S.A.,WEST,EDUCATION,OFFICE,CHAIR,3,2021,Jul,New
$654.00 ,U.S.A.,WEST,EDUCATION,OFFICE,CHAIR,3,2021,Aug,New
$693.00 ,U.S.A.,WEST,EDUCATION,OFFICE,CHAIR,3,2021,Sep,New
$757.00 ,U.S.A.,WEST,EDUCATION,OFFICE,CHAIR,4,2021,Oct,New
$221.00 ,U.S.A.,WEST,EDUCATION,OFFICE,CHAIR,4,2021,Nov,New
$942.00 ,U.S.A.,WEST,EDUCATION,OFFICE,CHAIR,4,2021,Dec,New
$796.00 ,U.S.A.,WEST,EDUCATION,OFFICE,DESK,1,2021,Jan,New
$257.00 ,U.S.A.,WEST,EDUCATION,OFFICE,DESK,1,2021,Feb,New
$611.00 ,U.S.A.,WEST,EDUCATION,OFFICE,DESK,1,2021,Mar,New
$6.00 ,U.S.A.,WEST,EDUCATION,OFFICE,DESK,2,2021,Apr,New
$125.00 ,U.S.A.,WEST,EDUCATION,OFFICE,DESK,2,2021,May,New
$745.00 ,U.S.A.,WEST,EDUCATION,OFFICE,DESK,2,2021,Jun,New
$437.00 ,U.S.A.,WEST,EDUCATION,OFFICE,DESK,3,2021,Jul,New
$906.00 ,U.S.A.,WEST,EDUCATION,OFFICE,DESK,3,2021,Aug,New
$844.00 ,U.S.A.,WEST,EDUCATION,OFFICE,DESK,3,2021,Sep,New
$413.00 ,U.S.A.,WEST,EDUCATION,OFFICE,DESK,4,2021,Oct,New
$869.00 ,U.S.A.,WEST,EDUCATION,OFFICE,DESK,4,2021,Nov,New
$403.00 ,U.S.A.,WEST,EDUCATION,OFFICE,DESK,4,2021,Dec,New
$608.00 ,U.S.A.,WEST,EDUCATION,OFFICE,TABLE,1,2021,Jan,New
$840.00 ,U.S.A.,WEST,EDUCATION,OFFICE,TABLE,1,2021,Feb,New
$112.00 ,U.S.A.,WEST,EDUCATION,OFFICE,TABLE,1,2021,Mar,New
$876.00 ,U.S.A.,WEST,EDUCATION,OFFICE,TABLE,2,2021,Jun,New
$288.00 ,U.S.A.,WEST,EDUCATION,OFFICE,TABLE,2,2021,Apr,New
$408.00 ,U.S.A.,WEST,EDUCATION,OFFICE,TABLE,2,2021,May,New
$224.00 ,U.S.A.,WEST,EDUCATION,OFFICE,TABLE,3,2021,Jul,New
$133.00 ,U.S.A.,WEST,EDUCATION,OFFICE,TABLE,3,2021,Aug,New
$662.00 ,U.S.A.,WEST,EDUCATION,OFFICE,TABLE,3,2021,Sep,New
$68.00 ,U.S.A.,WEST,EDUCATION,OFFICE,TABLE,4,2021,Oct,New
$626.00 ,U.S.A.,WEST,EDUCATION,OFFICE,TABLE,4,2021,Nov,New
$678.00 ,U.S.A.,WEST,EDUCATION,OFFICE,TABLE,4,2021,Dec,New